{
    "name": "root",
    "gauges": {
        "BombermanBot.Policy.Entropy.mean": {
            "value": 2.1122655868530273,
            "min": 2.102306604385376,
            "max": 2.2777915000915527,
            "count": 27
        },
        "BombermanBot.Policy.Entropy.sum": {
            "value": 2070.020263671875,
            "min": 2027.1112060546875,
            "max": 2351.0859375,
            "count": 27
        },
        "BombermanBot.Environment.EpisodeLength.mean": {
            "value": 60.25,
            "min": 28.555555555555557,
            "max": 65.66666666666667,
            "count": 27
        },
        "BombermanBot.Environment.EpisodeLength.sum": {
            "value": 964.0,
            "min": 869.0,
            "max": 1034.0,
            "count": 27
        },
        "BombermanBot.Step.mean": {
            "value": 26944.0,
            "min": 961.0,
            "max": 26944.0,
            "count": 27
        },
        "BombermanBot.Step.sum": {
            "value": 26944.0,
            "min": 961.0,
            "max": 26944.0,
            "count": 27
        },
        "BombermanBot.Policy.ExtrinsicValueEstimate.mean": {
            "value": -0.16162414848804474,
            "min": -0.5340445637702942,
            "max": 0.4453292489051819,
            "count": 27
        },
        "BombermanBot.Policy.ExtrinsicValueEstimate.sum": {
            "value": -4.525475978851318,
            "min": -24.566049575805664,
            "max": 16.477182388305664,
            "count": 27
        },
        "BombermanBot.Environment.CumulativeReward.mean": {
            "value": 0.0361250676214695,
            "min": -1.6264333457375566,
            "max": 0.5930001042783261,
            "count": 27
        },
        "BombermanBot.Environment.CumulativeReward.sum": {
            "value": 0.578001081943512,
            "min": -48.7930003721267,
            "max": 8.89500156417489,
            "count": 27
        },
        "BombermanBot.Policy.ExtrinsicReward.mean": {
            "value": 0.0361250676214695,
            "min": -1.6264333457375566,
            "max": 0.5930001042783261,
            "count": 27
        },
        "BombermanBot.Policy.ExtrinsicReward.sum": {
            "value": 0.578001081943512,
            "min": -48.7930003721267,
            "max": 8.89500156417489,
            "count": 27
        },
        "BombermanBot.IsTraining.mean": {
            "value": 1.0,
            "min": 1.0,
            "max": 1.0,
            "count": 27
        },
        "BombermanBot.IsTraining.sum": {
            "value": 1.0,
            "min": 1.0,
            "max": 1.0,
            "count": 27
        },
        "BombermanBot.Losses.PolicyLoss.mean": {
            "value": 0.0677286166852961,
            "min": 0.057963380260237805,
            "max": 0.07697164300285901,
            "count": 12
        },
        "BombermanBot.Losses.PolicyLoss.sum": {
            "value": 0.0677286166852961,
            "min": 0.057963380260237805,
            "max": 0.07697164300285901,
            "count": 12
        },
        "BombermanBot.Losses.ValueLoss.mean": {
            "value": 0.056833324721083045,
            "min": 0.056833324721083045,
            "max": 0.6067656117180983,
            "count": 12
        },
        "BombermanBot.Losses.ValueLoss.sum": {
            "value": 0.056833324721083045,
            "min": 0.056833324721083045,
            "max": 0.6067656117180983,
            "count": 12
        },
        "BombermanBot.Policy.LearningRate.mean": {
            "value": 0.0002924985025005,
            "min": 0.0002924985025005,
            "max": 0.00029937330020889997,
            "count": 12
        },
        "BombermanBot.Policy.LearningRate.sum": {
            "value": 0.0002924985025005,
            "min": 0.0002924985025005,
            "max": 0.00029937330020889997,
            "count": 12
        },
        "BombermanBot.Policy.Epsilon.mean": {
            "value": 0.19749950000000002,
            "min": 0.19749950000000002,
            "max": 0.1997911,
            "count": 12
        },
        "BombermanBot.Policy.Epsilon.sum": {
            "value": 0.19749950000000002,
            "min": 0.19749950000000002,
            "max": 0.1997911,
            "count": 12
        },
        "BombermanBot.Policy.Beta.mean": {
            "value": 0.00487522505,
            "min": 0.00487522505,
            "max": 0.00498957589,
            "count": 12
        },
        "BombermanBot.Policy.Beta.sum": {
            "value": 0.00487522505,
            "min": 0.00487522505,
            "max": 0.00498957589,
            "count": 12
        }
    },
    "metadata": {
        "timer_format_version": "0.1.0",
        "start_time_seconds": "1776334477",
        "python_version": "3.10.12 (main, Aug 16 2023, 05:39:07) [GCC 12.2.0]",
        "command_line_arguments": "/usr/local/bin/mlagents-learn /workspace/bomberman.yaml --run-id=bomberman_training --force",
        "mlagents_version": "1.1.0",
        "mlagents_envs_version": "1.1.0",
        "communication_protocol_version": "1.5.0",
        "pytorch_version": "2.2.2+cu121",
        "numpy_version": "1.23.5",
        "end_time_seconds": "1776334918"
    },
    "total": 440.6330761490008,
    "count": 1,
    "self": 0.004030516001876094,
    "children": {
        "run_training.setup": {
            "total": 0.0186856659984187,
            "count": 1,
            "self": 0.0186856659984187
        },
        "TrainerController.start_learning": {
            "total": 440.6103599670005,
            "count": 1,
            "self": 0.40887487020154367,
            "children": {
                "TrainerController._reset_env": {
                    "total": 9.705086537998795,
                    "count": 1,
                    "self": 9.705086537998795
                },
                "TrainerController.advance": {
                    "total": 430.4410236397998,
                    "count": 27819,
                    "self": 0.3808927169575327,
                    "children": {
                        "env_step": {
                            "total": 422.49615678392183,
                            "count": 27819,
                            "self": 393.1750582699933,
                            "children": {
                                "SubprocessEnvManager._take_step": {
                                    "total": 29.03954183290989,
                                    "count": 27819,
                                    "self": 0.9439580860180286,
                                    "children": {
                                        "TorchPolicy.evaluate": {
                                            "total": 28.09558374689186,
                                            "count": 27265,
                                            "self": 28.09558374689186
                                        }
                                    }
                                },
                                "workers": {
                                    "total": 0.2815566810186283,
                                    "count": 27818,
                                    "self": 0.0,
                                    "children": {
                                        "worker_root": {
                                            "total": 436.63262854284403,
                                            "count": 27818,
                                            "is_parallel": true,
                                            "self": 65.31011004767424,
                                            "children": {
                                                "run_training.setup": {
                                                    "total": 0.0,
                                                    "count": 0,
                                                    "is_parallel": true,
                                                    "self": 0.0,